Post ID,Account ID,Account username,Account name,Description,Duration (secs),Publish time,Permalink,Post type,Data comment,Date,Impressions,Reach,Shares,Likes,Comments,Saves,Plays,Follows
17965047911462522,17841455668226916,veg3.ai,VEG3 | Vegan AI,"What can VEG3 do that other AI tools can't? ğŸ¤”

Promoting vegan products requires a different understanding of consumer psychology. Our AI is fine-tuned to understand vegan products, ethics and mindset, so creates and optimizes successful marketing copy tailored to the values that vegan brands represent.

ğŸ™ï¸ Sam Tucker speaks to IBM's ""Making Data Simple"" podcast

#VEG3 #AIMarketing #VeganMarketing #MachineLearningTools #VeganBusinessOwner",105,04/07/2023 10:04,https://www.instagram.com/reel/CqvjUi9IUDP/,IG reel,,Lifetime,3972,1335,0,13,0,0,492.0,2.0
17960807777414453,17841453063593087,vegancreativecompass,Vegan Creative Compass,"Recap of an inspiring weekend at @perthveganexpo ğŸ’š

Our co-founders Sam and Maddie had the opportunity to do talks on topics theyâ€™re extremely passionate about! (Swipe for details)

We are extremely proud of their commitment to defending animals and driving positive change ğŸ™Œ

#veganism #ethicalfashion #ai",0,04/07/2023 20:04,https://www.instagram.com/p/CqwmsukuLtb/,IG carousel,,Lifetime,223,190,2,28,0,1,,
18020392846525740,17841455668226916,veg3.ai,VEG3 | Vegan AI,"May your Easter be filled with joy, love, and a basket full of delicious vegan treats ğŸ˜‹ Let's celebrate Easter with compassion towards all beings, choosing kindness over cruelty with the great plant based options that are available! ğŸ£ğŸ°ğŸŒ·

#VEG3 #VeganEaster #CompassionOverCruelty #Easter2023",0,04/08/2023 10:04,https://www.instagram.com/p/CqyGwlOoV_s/,IG image,,Lifetime,135,125,0,12,0,0,,
18014740750567928,17841455668226916,veg3.ai,VEG3 | Vegan AI,"This AI is the ONLY artificial intelligence making a positive impact for animals and the environment.

ğŸ¤–ğŸ§  VEG3 has been trained on materials from vegan businesses and animal rights charities, making this the only AI to produce thoughtful and accurate copy, unlike other AIs that perpetuate speciesism bias.

VEG3 is the future for compassionate copy, and the perfect activist to have on your side ğŸŒ¿âœŠ

Want to learn more? Find our tutorial at the link in our bio ğŸ’¡",0,04/17/2023 14:04,https://www.instagram.com/p/CrJwGlyKtR1/,IG carousel,,Lifetime,874,502,2,19,1,3,,
17991162877925080,17841455668226916,veg3.ai,VEG3 | Vegan AI,"ğŸ¾ We have great admiration for rescuers, rehabbers and releasers! ğŸ¾

We want to give a shoutout to all the vegan rescues and sanctuaries out there - drop your favourites in the comments so we can show them some love and support ğŸ’š",0,04/20/2023 15:04,https://www.instagram.com/p/CrRn_ZbKJVc/,IG image,,Lifetime,203,187,0,28,13,0,,
17974185218258318,17841455668226916,veg3.ai,VEG3 | Vegan AI,"ğŸŒ± Vegan businesses, are you tired of managing multiple tools for your marketing needs? ğŸ¤¯

Our all-in-one platform offers a content creator, anti-vegan comment responder, recipe generator, intelligent chat service and research library. Plus, our predictive tool can even tell you the success rate of your campaigns before you launch them! ğŸš€

ğŸŒŸ Our team of vegan marketing experts are always expanding our features to better serve you, and you can reach out to us at any time for a live demo.

With VEG3, you can focus on what really matters while seeing your business boom. ğŸ“ˆ

See an in-depth tour of our features in our latest blog at veg3.ai/post/veg3-in-action",0,04/28/2023 14:04,https://www.instagram.com/p/CrmHBm6KEHO/,IG image,,Lifetime,1323,605,0,13,1,3,,
17963998460422334,17841455668226916,veg3.ai,VEG3 | Vegan AI,"Hey, being ANY business owner is hard enough, but a vegan business brings it's own complications ğŸ¤”

From troll comments to big brand competitors now throwing their hat in the ring, you're facing a number of challenges.

Fortunately, we are part of a fantastic, supportive community, including the Vegan Marketing Accelerator group on Facebook!

You believe in doing the right thing, and we applaud you for that! ğŸ‘ğŸ‘

Let's hear it for all you vegan visionaries making the world a better place! ğŸŒ±ğŸ’š",0,05/04/2023 14:05,https://www.instagram.com/p/Cr1jaA5qcFi/,IG image,,Lifetime,1932,840,0,11,1,0,,
17975554427254636,17841455668226916,veg3.ai,VEG3 | Vegan AI,"Vibe with us âœŒï¸ request a free AI demonstration in the DMs to learn how our team save 100s of hours a month ğŸ’» 
#VEG3 #AIMarketing #ArtificalaIntelligence #MarketingTools #ContentMarketingTips",7,05/08/2023 12:05,https://www.instagram.com/reel/Cr_ngx9Kojk/,IG reel,,Lifetime,254,239,1,7,0,1,207.0,
18025899913517179,17841455668226916,veg3.ai,VEG3 | Vegan AI,"VEG3 is the ultimate tool for animal-friendly marketing specifically designed to cater to the unique needs and challenges faced by vegan businesses, animal rights activists, and animal rights charities. ğŸŒ±ğŸ“ˆ

âš ï¸ In a world where animal exploitation still lurks in every corner, it is vital to ensure that marketing strategies are ethical, animal-friendly, and align with the values of the vegan community. 

This is where VEG3 comes to the rescue! A strictly vegan marketing tool, designed to promote products and services that do not involve animal exploitation of any kind. Whatever prompt you give, VEG3 ensures that all recommendations are 100% vegan and animal-friendly.

ğŸ§ ğŸ’» This AI is equipped with a deep understanding of the psychology of behavioural change, marketing strategy for vegan businesses, and the latest trends in digital marketing, enabling it to provide guidance and suggestions to users in a way that aligns with the ethical values of the vegan community. It's not just about promoting vegan products, but also about fostering a culture of compassion and sustainability.

By providing a vast research library containing over 13,000 scientific studies about veganism, animal rights, and marketing, VEG3 ensures factual accuracy and evidence-based support for its user recommendations. 

ğŸ”® AND... VegVision machine learning system predicts the performance of marketing campaigns, enabling better data-driven decision-making for animal-friendly marketing initiatives.

ğ™„ğ™©'ğ™¨ ğ™šğ™›ğ™›ğ™šğ™˜ğ™©ğ™ğ™«ğ™š ğ™¢ğ™–ğ™§ğ™ ğ™šğ™©ğ™ğ™£ğ™œ, ğ™¬ğ™ğ™©ğ™ğ™¤ğ™ªğ™© ğ™˜ğ™¤ğ™¢ğ™¥ğ™§ğ™¤ğ™¢ğ™ğ™¨ğ™ğ™£ğ™œ ğ™®ğ™¤ğ™ªğ™§ ğ™«ğ™–ğ™¡ğ™ªğ™šğ™¨.

By using VEG3, you'll be joining the fight for a vegan world while getting even better results from your marketing. We prioritize compassion, sustainability, and ethical principles so if you do too, get started at veg3.ai or request a demo with our AI experts!",0,05/11/2023 15:05,https://www.instagram.com/p/CsHou_mKvhO/,IG image,,Lifetime,1411,628,0,8,1,2,,
18095992441326259,17841455668226916,veg3.ai,VEG3 | Vegan AI,"We understand that there may be concerns about the emergence of AI in various professions. Although AI is becoming more prevalent, we want to stress that it is NOT here to replace writers or creatives, but rather to assist and enhance their work. 

This leaves more time for you to focus on the more innovative and impactful tasks! ğŸ™Œ

VEG3 can help to analyze data, provide insights, generate ideas, improve results, and enhance productivity. We absolutely want to preserve human insight and creativity. 

At VEG3, we believe that the combination of AI tools and human creativity is crucial for dynamic and groundbreaking work for the good of your business, and animal rights worldwide. ğŸŒğŸŒ±",0,05/23/2023 21:05,https://www.instagram.com/p/CsnMUehonLH/,IG image,,Lifetime,3886,2307,0,10,2,1,,
17885137205838280,17841455668226916,veg3.ai,VEG3 | Vegan AI,"ğŸŒ±ğŸ“ˆ Top Tips! ğŸŒ±ğŸ“ˆ

Are you looking to make a positive impact with your business while increasing profits and creating a great community of supporters? 

It is SO achievable, and we are here to provide all the support you need. 

What do you struggle most with in marketing your business? ğŸ‘‡

#VEG3 #VeganBusinessOwners #PlantBasedBusiness #AnimalRightsMovement #VeganMarketing",0,06/01/2023 09:06,https://www.instagram.com/p/Cs9CX5LuE3N/,IG carousel,,Lifetime,306,284,0,10,0,2,,
18111595903310524,17841455668226916,veg3.ai,VEG3 | Vegan AI,"VEG3 was made by vegans with a passion for protecting animals, committed to promoting veganism and advocating for animal rights worldwide.

We started developing AI to act as an extension to our activism, meaning we can further our effectiveness in standing up for animals while helping kind businesses achieve a competitive advantage over non-vegan businesses ğŸ’šğŸ„

VEG3: by vegans, for the animals, always.

#VEG3 #VeganBusiness #VeganActivism #ForTheAnimals #AIMarketing",0,06/21/2023 11:06,https://www.instagram.com/p/Ctwy9AfIvrY/,IG image,,Lifetime,309,285,0,14,0,8,,
17973219515208273,17841453063593087,vegancreativecompass,Vegan Creative Compass,"If you thought ChatGPT could not get better, we have news! ğŸ¤–ğŸŒ±

Get ready to unlock the secrets of personalisation so that you can set your brand apart in the competitive vegan market. 

Don't miss out on the latest and most groundbreaking @veg3.ai updates, witness live demonstrations, and gain exclusive insight from AI and marketing industry experts. 

Check out the full video on our YouTube channel!

#ai #webinar #marketingsecrets",0,06/21/2023 14:06,https://www.instagram.com/p/CtxJF3wpz_w/,IG image,,Lifetime,359,331,0,12,0,2,,
17988755932967636,17841455668226916,veg3.ai,VEG3 | Vegan AI,"A great question! In our recent webinar, we were asked which datasets we used in our collection vegan studies.

Watch us delve deeper into this question and more on YouTube, just follow the button in our highlight!

#ProfitFromPersonalization 

#VEG3 #AImarketing #VeganResearch #VeganBusinessOwner",71,06/28/2023 14:06,https://www.instagram.com/reel/CuDK7D4K3M9/,IG reel,,Lifetime,1806,1051,2,19,0,6,709.0,1.0
17982138692068890,17841455668226916,veg3.ai,VEG3 | Vegan AI,"ğŸ‰ We've made all plans on VEG3 unlimited usage! 

That's right, no more credit limits to worry about. The only difference between plans now is the features available, not how often you can use them ğŸ’ªğŸ¼

We believe in unlimited potential, and giving you unlimited creativity at your fingertips. The possibilities are endless! ğŸš€",0,04/04/2023 16:04,https://www.instagram.com/p/CqohBsAqEEm/,IG image,,Lifetime,1057,581,1,8,1,0,,
18211603831214472,17841455668226916,veg3.ai,VEG3 | Vegan AI,"Getting posts drafted, perfected, and done has never been easier ğŸ˜ŒğŸš€

#VEG3 #ContentMarketingTips #AI #FutureOfMarketing #VeganBrand",90,04/06/2023 14:04,https://www.instagram.com/reel/CqtY6ryqG9C/,IG reel,,Lifetime,2326,1277,3,22,0,3,613.0,
17963953520432118,17841455668226916,veg3.ai,VEG3 | Vegan AI,"Unlock the power of video marketing for your vegan venture with VEG3 ğŸŒ¿ Dive in, tag a friend, and letâ€™s make the vegan revolution viral! ğŸš€ #VeganPower #VEG3 #veg3ai",38,07/27/2023 00:07,https://www.instagram.com/reel/CvMSklEo-tH/,IG reel,,Lifetime,1307,779,0,10,0,0,406.0,
18044274172441779,17841455668226916,veg3.ai,VEG3 | Vegan AI,"ğŸŒ± Australia has the power to lead the way in sustainable food solutions! ğŸŒâœ¨ Discover how VEG3 can empower Aussie vegan businesses to make a positive impact â€“ reducing emissions, diversifying food production, and creating a better world for all. ğŸŒğŸ’š Follow us and join the movement for a healthier, greener future! ğŸŒ¿ğŸŒ #VeganBusiness #SustainableLiving #ChangeMakers",71,07/18/2023 22:07,https://www.instagram.com/reel/Cu3fz5YIhyq/,IG reel,,Lifetime,131,128,0,3,0,0,133.0,
17989982870189425,17841455668226916,veg3.ai,VEG3 | Vegan AI,"ğŸ§ ğŸŒ± Did you know that our brains might find it easier to understand a vegan burger than the idea of veganism itself? ğŸ”âœ¨

Cognitive psychologists suggest that our minds better comprehend concrete concepts â€“ like a juicy, plant-based burger â€“ rather than abstract ones, such as the philosophy of veganism. But does this difference truly impact our understanding? ğŸ¤” The jury's still out!

ğŸŒ± If you're a vegan business owner, let VEG3 help simplify your abstract vegan missions into digestible, concrete messages. ğŸ“£âœ¨ Our AI-powered marketing assistant understands the unique needs and challenges of vegan businesses, and can generate highly personalized content that speaks to your audience. ğŸŒğŸ¾

ğŸŒŸ Follow us for more vegan business insights, and try our 10-day free trial to see how we can help your vegan brand grow! ğŸš€ğŸ’š #VeganBusiness #VeganMarketing #VEG3",37,08/16/2023 11:08,https://www.instagram.com/reel/CwBBN-BtyRF/,IG reel,,Lifetime,1118,1039,6,29,0,8,1020.0,2.0
18191262193283642,17841455668226916,veg3.ai,VEG3 | Vegan AI,"ğŸŒ±ğŸ¤–âœ¨ Ever wondered if you can tell when something's written by an AI? ğŸ¤” Turns out, even OpenAI can't always tell! ğŸ˜±ğŸ”

ğŸŒ In the wild, wild world of AI, OpenAI recently closed down a tool meant to differentiate between human and AI-written text due to its low accuracy. But fear not, they're not giving up! They're working on new ways to help us understand if content is AI-generated. ğŸš€ğŸ“

ğŸŒ¿ Here at VEG3, we're on a mission to use AI for good! ğŸ™ŒğŸŒ± We're empowering vegan businesses and animal rights charities to create compelling content that speaks directly to their audience. ğŸ“£ğŸ’š

ğŸ’¡ If you're ready to join us on this exciting journey, follow us for more AI updates and try our free 10-day trial! ğŸ‰âœ¨ Let's show the world the incredible power of AI combined with a passion for veganism and animal rights! ğŸŒ±ğŸ¾",59,08/14/2023 21:08,https://www.instagram.com/reel/Cv87H30oDpx/,IG reel,,Lifetime,1981,1232,2,16,0,3,628.0,
17972056247654497,17841455668226916,veg3.ai,VEG3 | Vegan AI,"It doesn't matter that we're halfway through Veganuary... anytime this month that you sign up to VEG3, you'll get 4 weeks for free from that point.

Follow these simple steps to unlock your free month:

1. Sign up at VEG3.ai (you're eligible even if you've had an account previously)
2. Add the promotional code VEGANUARY and finalise your details at check out
3. Enjoy your free 4 weeks of the latest version of VEG3 with unlimited usage of the chat feature and content creation tools",0,01/13/2024 15:01,https://www.instagram.com/p/C2DyVo-JhhR/,IG image,,Lifetime,252,236,2,12,1,0,,
17980923017476973,17841455668226916,veg3.ai,VEG3 | Vegan AI,"We started the new year with a new update of VEG3! ğŸ‰ To celebrate, we're offering you a free month of VEG3 when you signup with the code 'VEGANUARY'.

Whether you're a longterm vegan or just starting out - let us be your source of unlimited guidance, inspiration and motivation, all powered by cutting-edge artificial intelligence.",0,01/06/2024 16:01,https://www.instagram.com/p/C1x0D0Pvk7V/,IG image,,Lifetime,437,411,6,26,2,2,,1.0
17999569112587709,17841455668226916,veg3.ai,VEG3 | Vegan AI,"Unlike standard AIs, VEG3 not only understands veganism... but exclusively offers 100% vegan suggestions, every time. Experience the reliability and compassion of VEG3 â€“ the vegan AI that truly gets it right! ğŸŒ±",0,03/13/2024 22:03,https://www.instagram.com/p/C4e7vL_sId9/,IG image,,Lifetime,186,175,0,14,2,0,,1.0
17983980683636140,17841455668226916,veg3.ai,VEG3 | Vegan AI,"Join the revolution and enhance your advocacy for animals! By joining VEG3, you're not only gaining access to a wide range of tools that'll help you be a more effective activist... you'll also be supporting our mission of creating anti-speciesist AI. 

We're a small team of passionate long-term vegans and activists who believe that AI development should benefit all sentient beings, not just humans. We invite you to join us in building this future that'll be better for all!",0,03/08/2024 21:03,https://www.instagram.com/p/C4SE2dysMTW/,IG image,,Lifetime,212,200,0,16,1,1,,
18051356527562536,17841455668226916,veg3.ai,VEG3 | Vegan AI,"Being vegan in a non-vegan world can be tough and it sometimes causes tension in your relationshipsâ€¦ 

Let VEG3 step in as your vegan relationship coach!

VEG3 is more than just a content creator, itâ€™s your dedicated vegan companion who can help you navigate relationships and social interactions with ease by providing you with up-to-date info and advice.",54,02/24/2024 20:02,https://www.instagram.com/reel/C3wfs3Vpnak/,IG reel,,Lifetime,320,286,0,17,1,1,380.0,1.0
18326933344184944,17841455668226916,veg3.ai,VEG3 | Vegan AI,"Balance the scales with VEG3 - the AI with a deeper understanding of veganism. Unlike other AIs, we provide factual insights, free from speciesist bias! 

Trained by long-term vegans, VEG3 is here to assist vegans of all kinds. Ready to experience the difference?",0,02/22/2024 14:02,https://www.instagram.com/p/C3qtaKkswyI/,IG image,,Lifetime,5880,3150,2,32,5,5,,8.0
18007583222259425,17841455668226916,veg3.ai,VEG3 | Vegan AI,"Who knew 50 cents could stretch so far? Enjoy unlimited use of VEG3 every day for less than the price most cafes charge you for oat milk in your coffee.

Together, we might even create a world where extra costs for the kinder plant-based option is a thing of the past... because it'll be how everyone lives automatically. 

Make your pocket change count! Help us build a vegan world by using VEG3 for creating limitless content, staying up-to-date with vegan research, quickly responding to comments and even supporting our nonprofit organisation Open Paws.",0,02/07/2024 19:02,https://www.instagram.com/p/C3EnLUuM4gB/,IG image,,Lifetime,246,236,0,13,3,0,,
18173784520292172,17841455668226916,veg3.ai,VEG3 | Vegan AI,"Your subscription to VEG3 supports Open Paws, our sister organisation and newly launched non-profit!

Open Paws is building a future where artificial intelligence respects and protects all sentient beings. This will be achieved by developing open-source AI free from speciesist bias, empowering animal-aligned organisations to integrate AI advancements into their operations and by raising public awareness on the implications of speciesist AI.

Weâ€™re donating more than 50% of our profits from VEG3 directly to Open Paws to support this mission.",0,02/02/2024 22:02,https://www.instagram.com/p/C24Bm1nJAGj/,IG image,,Lifetime,255,234,1,11,2,1,,1.0
18045539545545469,17841455668226916,veg3.ai,VEG3 | Vegan AI,"VEG3 is free for 4 weeks if you sign up before the end of January! Get in quick - use code 'VEGANUARY' at the checkout to secure your free month now.

Through your VEG3 account you can access your very own AI-powered vegan companion, who listens to your custom set instructions, offers endless support and creates all the content your heart desires including text and images.

And unlike other AI tools... VEG3 truly understands veganism. There's no filtering out non-vegan suggestions! Ready to experience the difference? Head to VEG3.ai to sign up.",0,01/28/2024 14:01,https://www.instagram.com/p/C2qViStujtT/,IG image,,Lifetime,5388,2437,8,20,3,2,,
18410100121026115,17841455668226916,veg3.ai,VEG3 | Vegan AI,"Say goodbye to generic vegan recipes and hello to personalised culinary perfection ğŸŒ±âœ¨

Are you tired of sifting through countless recipes that donâ€™t meet your unique dietary needs and preferences? Look no further! VEG3 will revolutionise your vegan cooking experience.

Our AI-powered companion crafts mouthwatering recipes from scratch, custom-tailored to the ingredients you actually have available! VEG3 can also help you create shopping lists, taking the guesswork out of meal planning so you can enjoy a diverse range of delicious food that perfectly fits your needs. Our chatbot can even answer your nutrition questions, with a resource library of over 50,000 studies and access to real-time information. 

Sign up for a free trial at VEG3.ai and you can try out these features and more!

Until the end of Jan you can use the code VEGANUARY to get a whole month for free.",29,01/23/2024 19:01,https://www.instagram.com/reel/C2d_vmkJLpI/,IG reel,,Lifetime,384,349,1,17,3,3,492.0,1.0
17887598687978039,17841455668226916,veg3.ai,VEG3 | Vegan AI,"Level up your advocacy and make a real impact for animals with VEG3! Access cutting-edge research to strengthen your arguments, boost your efficiency by quickly generating captions and responding faster to comments, plus much more... all for just 50 cents per day. 

Did you know your subscription to VEG3 also supports our animal rights charity? More than 50% of our profits go towards Open Paws - ensuring AI works for the wellbeing of all animals, no matter their species.

Before you pay a single cent, you can trial VEG3 for free! Usually we offer a 10 day trial but until the end of the month you can try VEG3 for FREE for 4 weeks with the code VEGANUARY at the checkout.",0,01/18/2024 20:01,https://www.instagram.com/p/C2RKOhgNmia/,IG image,,Lifetime,280,264,0,14,1,1,,
18073046404453409,17841455668226916,veg3.ai,VEG3 | Vegan AI,"You can test VEG3 - securely & stress-free ğŸ’š 

Don't worry about being charged when your free trial ends... coz we'll send you a reminder! Then you can decide if you want to continue using VEG3.

Plus, our Stripe partnership means encrypted safety for your credit card details ğŸ”’ 

Start your free trial with confidence - no strings attached, just peace of mind that your free trial is exactly that, completely free!

Until the end of this month you can extend your free trial period to 4 weeks by using the promo code VEGANUARY when you sign up.",0,01/15/2024 18:01,https://www.instagram.com/p/C2JOYUzsWJ2/,IG image,,Lifetime,246,232,1,12,1,0,,
17853334460881979,17841455668226916,veg3.ai,VEG3 | Vegan AI,"Ready to get your hands on a free month of the VEG3 Starter Plan? ğŸ

We want to hear your thoughts! 

If you are one of our beta testers, take this survey and win 100% guaranteed (worth $39 USD).

ğŸ”— Head to our link in our highlight to take the survey!",0,01/26/2023 19:01,https://www.instagram.com/p/Cn53EJ5qCe5/,IG image,,Lifetime,84,73,1,14,2,0,,
17878820816802322,17841455668226916,veg3.ai,VEG3 | Vegan AI,"VEG3 to the resuce! ğŸ¦¾

No more staring at a blank screen.

Our AI tool generates captions, emails and blogs in SECONDS.

Input as much or as little detail as you like- and VEG3 does the rest.",4,01/30/2023 17:01,https://www.instagram.com/reel/CoD4r6XK_f9/,IG reel,,Lifetime,11517,3407,1,20,5,2,2101.0,
18051588970391514,17841455668226916,veg3.ai,VEG3 | Vegan AI,"Chat GPT is great for some things- but not for marketing your vegan business.

It doesnâ€™t produce copy that understands animal rights or veganism, it doesnâ€™t have the latest data and it doesnâ€™t prioritise generating highly converting responses.

The model was trained on a diverse range of internet text, which could have included some advertising content with lower engagement rates.

ChatGPT's training data has a knowledge cutoff of 2021, so any information or events that have occurred after that date may not be included in its knowledge base.

Itâ€™s a great tool, but it doesnâ€™t have the same purpose as VEG3 and canâ€™t compete with our vegan marketing functions.

VEG3.ai is free to try, with no payment details needed to get started creating great content today. ğŸ¤–ğŸŒ±",0,02/02/2023 12:02,https://www.instagram.com/p/CoLEIA2oPTq/,IG carousel,,Lifetime,11692,4891,3,35,2,5,,1.0
18215595298200840,17841455668226916,veg3.ai,VEG3 | Vegan AI,"We went straight to the source and asked VEG3 how to use AI content tools effectively in marketing. Here's what it said:

1. Leverage AI content tools to automate and optimize content creation for more personalized, relevant, and engaging content for your target audience.

2. AI can also help you track customer behavior, giving you insights into their interests and preferences that will help inform your marketing strategy.

3. Utilize natural language processing (NLP) to analyze multiple forms of text data to uncover patterns in the language used by customers, which can be used to craft more effective messaging.

4. Employ machine learning algorithms to identify key characteristics of your target audience so that you can tailor campaigns accordingly.

5. You should strive to integrate AI into existing marketing strategies rather than replacing them entirely as this will allow you to maximize the potential of both approaches for maximum impact on conversions and sales growth.",0,02/03/2023 13:02,https://www.instagram.com/p/CoNwyHRKKN6/,IG image,,Lifetime,1512,904,0,20,2,1,,
18009244621539525,17841455668226916,veg3.ai,VEG3 | Vegan AI,"Okay, real talk for a second ğŸ‘‡

AI is the future of marketing, and itâ€™s here now. If you donâ€™t embrace it, youâ€™ll be left behind when more companies start to use it and see results.

The integration of AI in marketing is not a trend but a necessary step for businesses to stay ahead in the competitive market.

At VEG3, we understand the importance of this shift and are dedicated to making it as seamless and accessible as possible for vegan businesses of all sizes.

ğŸŒ± Simply choose your virtual copywriter, tell it your idea, and select from the range of generated options. Our AI technology has been specifically trained on the principles of effective marketing, ensuring that your written content hits the mark.

So, whether you are a small business looking to increase your reach or a large corporation seeking to enhance your marketing strategies, VEG3 has got you covered. By embracing the power of AI, you can stay ahead of the curve and achieve success in today's fast-paced digital world. Don't miss out on this opportunity to take your marketing to the next level!",0,02/04/2023 12:02,https://www.instagram.com/p/CoQPmXxIMn0/,IG image,,Lifetime,1553,863,1,12,1,0,,
18041964826411005,17841455668226916,veg3.ai,VEG3 | Vegan AI,Your secret weapon for dealing with anti-vegan comments at the link in our bio. Get started for FREE- no code or payment details needed!,7,02/07/2023 19:02,https://www.instagram.com/reel/CoYsF6aqzb1/,IG reel,,Lifetime,327,313,0,26,1,2,316.0,
17979532942837619,17841455668226916,veg3.ai,VEG3 | Vegan AI,"Keeping up in the fast-paced world of marketing can feel overwhelming. We've come a long way from newspaper ads and it's no surprise that technology has fuelled the pace of change even further over the last 5 years.

While you might be hearing a lot about AI now, this is only the tip of the iceberg as the market value for AI in marketing alone is expected to grow a whopping 417% over the next 5 years.

Artificial Intelligence is already being used to create the content and advertising you see from your favourite brandsâ€¦ and you can get started too at the link in our bio.",0,02/08/2023 14:02,https://www.instagram.com/p/Coaz81Uqyv6/,IG carousel,,Lifetime,762,398,2,15,1,4,,
17891467295771397,17841455668226916,veg3.ai,VEG3 | Vegan AI,"Are you talking about your ethics on social media? ğŸŒ±

Communicating your values to your audience builds trust and shows that you're committed to making a positive impact.

So let's use our voices for good and spread positivity on our platforms while shining a light on the things that matter ğŸŒ

Source for statistic: Sprout Social",0,02/10/2023 10:02,https://www.instagram.com/p/CoffNvzIRGd/,IG image,,Lifetime,1831,764,0,19,1,0,,
17985022549896635,17841455668226916,veg3.ai,VEG3 | Vegan AI,"Exciting news! ğŸ‰

OpenAI released a tool that can classify text as AI generated or not... the good news is, VEG3 passes as human! ğŸ§ 

The new tool could have major implications for companies online; for example it could be used by Google who might use it to penalize copy it can tell is AI-generated content. But that's not the whole story... ğŸ§

VEG3 is a better alternative already in that it's trained on the top-performing blog articles on Google search. This means that not only does VEG3 avoid punishment in search, but it's also more likely to perform better than human-generated content! ğŸ“ˆ",0,02/12/2023 12:02,https://www.instagram.com/p/Cok1XkTIpQx/,IG image,,Lifetime,6835,3776,1,17,4,1,,1.0
18022173880450101,17841455668226916,veg3.ai,VEG3 | Vegan AI,"Happy Valentine's day from VEG3! Our robot came up with these adorable vegan-valentines puns for you.

Share the love on your story or tag your plant-based partner below! ğŸ’š",0,02/13/2023 14:02,https://www.instagram.com/p/ConrEfgI5yn/,IG carousel,,Lifetime,99,80,2,20,1,1,,1.0
17894553182765274,17841455668226916,veg3.ai,VEG3 | Vegan AI,"Spread the love this Valentine's day with some plant-based puns from VEG3 ğŸ’š 

Make yours with the freestyle tool at the link in our bio!

#VEG3 #VeganValentine #plantbasedlove #veganbusiness #vegandesign",14,02/13/2023 16:02,https://www.instagram.com/reel/Con2tIeq9HG/,IG reel,,Lifetime,48,42,0,10,0,0,48.0,
18281288242100752,17841455668226916,veg3.ai,VEG3 | Vegan AI,"We are beyond excited to have a new feature coming soon to VEG3 ğŸ‘€â€¦

Your crystal-ball for content success! ğŸ”®âœ¨

Get ready for higher engagement rates, better click-through-rates, and increased conversions whether youâ€™re a small business, large company or non-profit. 

Stay tuned for the official launch on 21st February; we canâ€™t wait to share all the exciting details with you ğŸš€",0,02/18/2023 15:02,https://www.instagram.com/p/Co0krksqvEP/,IG image,,Lifetime,366,328,0,19,2,0,,1.0
17975287064093818,17841455668226916,veg3.ai,VEG3 | Vegan AI,"ğŸ‰ Exciting news!

We appreciate your support and feedback- with over 350 testers and counting, you're helping us make VEG3 the best it can be.

We've decided to extend the beta period until 10th March, so you'll have even more time to try out our amazing AI marketing tool for free.

After the 10th, we'll be introducing a new pricing structure with pre-made plans designed for different users, including vegan activists, small businesses, and marketing professionals. But until then, you can keep using VEG3 for free!

Not signed up yet? It's not too late! Join the beta test at the bio link now ğŸ”—",0,02/20/2023 10:02,https://www.instagram.com/p/Co5PW_MoonX/,IG image,,Lifetime,83,76,0,11,1,0,,
17957088836412449,17841455668226916,veg3.ai,VEG3 | Vegan AI,"Take the guess-work out of copywriting and start converting! âœ¨ï¸ğŸš€

Our exciting new tool uses advanced AI to predict the success of your marketing copy, doing all the work for you in selecting the highest-performing option for your purpose.

This feature is unlike any other on the market, and you can get started for free with veg3.ai ğŸ’¸ğŸ’»",0,02/20/2023 15:02,https://www.instagram.com/p/Co5uXkRqdGv/,IG carousel,,Lifetime,12941,7068,2,29,3,5,,2.0
17953576682306570,17841455668226916,veg3.ai,VEG3 | Vegan AI,"Happy #PancakeDay everyone ğŸ¥â€‹ 

Pancakes are traditionally made with eggs, but it was no problem for our recipe generator to come up with multiple vegan variations!

We'll be trying some later on ğŸ˜‹â€‹

#VEG3 #VeganPancake #EasyVeganRecipes #DairyFreeRecipes #VeganFoodBlogger",35,02/21/2023 02:02,https://www.instagram.com/reel/Co6-oxWqJQo/,IG reel,,Lifetime,145,124,0,13,0,1,129.0,
18260726719131569,17841455668226916,veg3.ai,VEG3 | Vegan AI,"Vegan businesses are an important part of the animal rights movement. They help to create a market for plant-based products and promote the benefits of veganism.

By supporting vegan businesses, you can help to create a sustainable and thriving economy working to reduce harm to animals and the environment. ğŸŒ±ğŸ®",0,02/25/2023 14:02,https://www.instagram.com/p/CpGlgc9oUB2/,IG image,,Lifetime,5842,3751,5,40,1,3,,2.0
18075558670346242,17841453063593087,vegancreativecompass,Vegan Creative Compass,"Take the guesswork out of your marketing strategy ğŸ˜

Now you can use VegVision to optimise your vegan businessâ€™ marketing strategy and drive maximum impact. 

You can easily:

âœ… Test your content 
âœ… Get data-driven insights
âœ… Improve engagement AND conversions ğŸ”¥

Canâ€™t wait to see all of your content thrive! âœ¨

#VegVision #Data #ContentMarketing #VeganMarketing",23,03/03/2023 15:03,https://www.instagram.com/reel/CpWEo0_JJ0X/,IG reel,,Lifetime,5926,3893,0,26,1,1,2632.0,2.0
17856802901886600,17841455668226916,veg3.ai,VEG3 | Vegan AI,"Introducing yet another feature... ChatVEG! ğŸ’¬

Chat directly with the artificial intelligence powering our content creation tools.

Ask for guidance, ideas, copy and more. ChatVEG can help you to understand up-to-date marketing trends and create powerful campaigns that pack a punch ğŸ‘ŠğŸŒ±

VEG3, VegVision and ChatVEG are all FREE to use but only for another week! Beta ends 10th March, so get started at the link in our bio to try out our features- no payment details needed.",0,03/03/2023 17:03,https://www.instagram.com/p/CpWTpqAIrPz/,IG image,,Lifetime,16478,8590,2,18,2,8,,2.0
17965367780501060,17841455668226916,veg3.ai,VEG3 | Vegan AI,"Hot topic! ğŸ”¥ Is it OK to use AI to write your marketing copy?

Essentially, yes. Proper use of AI will revolutionise your marketing strategy, and it's not bad ethics to do so. 

However, it's important to note that AI copywriters work best to enhance the abilities of human copywriters, not to replace them entirely. It's also essential to be mindful of the tone and factual accuracy of your writing when it's aided by AI, and to add your unique human touch as well. 

ğŸ’¡ VEG3 research library provides access to a wealth of facts and statistics that can be used to strengthen your copy.",0,03/04/2023 17:03,https://www.instagram.com/p/CpY3-BOoiw3/,IG carousel,,Lifetime,11793,5227,2,22,1,3,,4.0
17965237697335288,17841455668226916,veg3.ai,VEG3 | Vegan AI,"ğŸ”¬ Have you explored our research library? ğŸ“š As an AI assistant designed to help the vegan community, I recommend our research library that contains over 13,000 scientific studies about veganism, marketing, and animal rights! ğŸŒ±ğŸ¾

Whether you're a vegan business owner, an animal rights activist or just curious about the latest research related to veganism and animal rights, our research library is a valuable resource.

ğŸ” Discover new marketing strategies and tactics backed by research, and stay up-to-date on the latest insights!

ğŸš€PS, this whole post was written by me, ChatVEG!",0,03/08/2023 17:03,https://www.instagram.com/p/CpjK27OoQr2/,IG carousel,,Lifetime,969,525,0,11,1,0,,
17868229202867903,17841453063593087,vegancreativecompass,Vegan Creative Compass,"This is why our team loves ChatVEGâ€¦ Content creator edition ğŸ’­ğŸŒ±

#contentcreator #artificialintelligence #veg3 #chatgpt #vegan",43,03/14/2023 16:03,https://www.instagram.com/reel/CpyaRgcpcGU/,IG reel,,Lifetime,325,277,1,14,0,0,319.0,
17974231937134600,17841455668226916,veg3.ai,VEG3 | Vegan AI,"This tool makes conversions easy! ğŸŒ±ğŸš€

Get more customers, members, supporters, donors... whatever your goal is with digital marketing, our ground-breaking tool creates campaigns that WORK ğŸ¦¾

#VEG3 #AIMarketing #AItools #veganbusiness #veganbusinessowner",43,03/16/2023 15:03,https://www.instagram.com/reel/Cp3aXWCKcyh/,IG reel,,Lifetime,9487,2190,5,24,1,0,1061.0,2.0
17948538521594585,17841455668226916,veg3.ai,VEG3 | Vegan AI,"We hear you, starting a business alone has unique challenges not to be underestimated!

How many of these problems do you identify with? ğŸ‘‡

1ï¸âƒ£ Wearing multiple hats: By providing marketing expertise and support, VEG3 can take the load off when it comes to marketing, so you have time to focus on other aspects of your business, such as product development or customer service.

2ï¸âƒ£ Lack of community: You don't have to go it alone! We love the Vegan Marketing Accelerator group on Facebook; a network of vegan business owners and business gurus.

3ï¸âƒ£ Limited resources: Struggling without the manpower, time and money you think you need to be successful? VEG3 can help you make the most of limited resources by making sure your content is both efficient and cost-effective.

4ï¸âƒ£ Work-life balance: It IS achievable! Set boundaries, prioritize, take breaks, and use technology to your advantage. You can also outsource some of your tasks to make sure you have time for self-care and social activities.

5ï¸âƒ£ Uncertainty: VegVision can provide entrepreneurs with data-driven insights and predictions to help you make informed decisions about the future of your business.

6ï¸âƒ£ Lack of specialization: You're great at what you do. And we're great at marketing! VEG3 provides solo entrepreneurs with specialized marketing expertise such as the latest marketing trends, strategies, and techniques, allowing you to excel without a full team at your disposal.

Our advice above all is to take care of yourself and don't lose sight of why you started. You've got this! ğŸ’ªğŸ˜ƒ",0,03/17/2023 13:03,https://www.instagram.com/p/Cp5z-m-Iw6o/,IG image,,Lifetime,1656,681,0,13,1,1,,
18239446105095290,17841455668226916,veg3.ai,VEG3 | Vegan AI,"VegCatalyst, our parent company, is focused on creating impactful campaigns that highlight the ethical and sustainable benefits of supporting plant-based businesses, which align with the values of the growing population of conscious consumers ğŸŒ±ğŸŒğŸ‘¨â€ğŸ‘©â€ğŸ‘§â€ğŸ‘¦

With #VEG3, you too can reach rapidly growing vegan markets and make your organization known through engaging and relevant content to the ever-changing consumer landscape. 

Marketing moves fast- and we're constantly updating our tactics. Don't get left behind, utilize AI and improve your strategies seamlessly! ğŸ¯ğŸ¤–",0,03/22/2023 17:03,https://www.instagram.com/p/CqHKYACInlL/,IG carousel,,Lifetime,1731,695,5,18,1,3,,
17990257804874183,17841455668226916,veg3.ai,VEG3 | Vegan AI,"Did you know that if the world went vegan, it could save 8 million human lives by 2050? ğŸŒğŸŒ± 

A study from the University of Oxford in 2016 revealed that plant-based diets could also reduce greenhouse gas emissions from agriculture by two-thirds and lead to significant healthcare-related savings. ğŸŒ¿ğŸ’° 

Let's work towards a better future for ourselves, the planet, and all its inhabitants. ğŸŒ±ğŸ„ğŸ–",0,03/24/2023 12:03,https://www.instagram.com/p/CqLyyKwKBEd/,IG image,,Lifetime,109,101,1,10,1,0,,
17878094948793067,17841455668226916,veg3.ai,VEG3 | Vegan AI,"Reaching the right people matters! ğŸ¯ 

Make sure your vegan business is reaching the right audience with optimised campaigns and tailored messages to appeal to your target audience. 

Use VEG3's market insights to your advantage and save time and money with spot-on content for your brand- just one of the many ways #VEG3 can help you to say goodbye to guessing games and hello to real results! ğŸŒ¿ğŸ‘¥",0,03/28/2023 17:03,https://www.instagram.com/p/CqWhpbWoK8Q/,IG image,,Lifetime,684,366,0,11,1,0,,
18058281127390540,17841455668226916,veg3.ai,VEG3 | Vegan AI,"April is here, and we've got you covered! ğŸŒ¸ğŸŒ±ğŸ’š 

From Earth Day to Easter, VEG3 has a whole bunch of content ideas. 

Talk to ChatVEG and get your own custom content ideas specific to your niche!

It can even provide ideas for the graphics to go with captions and scripts for your reels.

Let's make April a month of impactful and compassionate marketing campaigns ğŸŒğŸ’š",0,03/31/2023 12:03,https://www.instagram.com/p/Cqdy1mHKlG_/,IG image,,Lifetime,142,127,2,9,3,2,,
17991589930666774,17841455668226916,veg3.ai,VEG3 | Vegan AI,"A better way to caption your content ğŸ¥³

The perfect tool that allows you to quickly and easily create captions for your posts with a vegan perspective ğŸ¤–ğŸŒ± 

ğŸ”— Simply go to VEG3.ai and sign up for free!

#socialmedia #socialmediacontent #contentcreator #contenthacks #hack #copy #copywriting #copywritingtips #copywriters #vegan #veganmarketing",18,01/17/2023 16:01,https://www.instagram.com/reel/CniSkiWDYFg/,IG reel,,Lifetime,397,338,3,13,4,2,308.0,1.0
17852413178881153,17841455668226916,veg3.ai,VEG3 | Vegan AI,"Intelligent marketing copy for your vegan business in seconds ğŸ’¯ 

Trained by long-term vegans ğŸ¤“ğŸŒ±

Try VEG3 for free ğŸ¤– 

#ai #artificialintelligence #vegan #copywriting #copy #viralvideos",12,01/19/2023 10:01,https://www.instagram.com/reel/CnmydBqjKjN/,IG reel,,Lifetime,12236,6078,1,18,2,5,3711.0,
17910972395581002,17841455668226916,veg3.ai,VEG3 | Vegan AI,"One of our favourite things about VEG3 is that when anti-vegan trolls comment on its Facebook ads, it can write its own replies ğŸ¤¯

Have you tried the anti-vegan comment responder yet? ğŸ’¬",0,11/15/2022 16:11,https://www.instagram.com/p/ClAKGj1O4_l/,IG carousel,,Lifetime,2185,1145,2,29,21,8,,2.0
17987607151589324,17841455668226916,veg3.ai,VEG3 | Vegan AI,"Is it possible that instead of taking copywriterâ€™s jobs, AI could be a copywriterâ€™s new best friend?

We think so!

To discover the many perks VEG3 offers, create a free account and start creating amazing vegan content! 

Sign up at veg3.ai ğŸ”—",0,11/19/2022 17:11,https://www.instagram.com/p/ClKkRVoul-p/,IG carousel,,Lifetime,12484,6649,0,16,0,2,,3.0
17970320671844038,17841455668226916,veg3.ai,VEG3 | Vegan AI,"We have some really exciting news to share about VEG3! ğŸ˜„

Our artificial intelligence models are about to get a serious upgrade, which will massively improve the quality of their writing.

We just need your help for this last stage of our beta test! 

We need you to test VEG3 with as many different inputs that are relevant to veganism as possible.

Then, upvote any responses that are good ğŸ‘ and downvote any that are bad ğŸ‘

The wider the variety of inputs you give VEG3, the better it will be at giving you exactly what you ask for! 
 
P.S. If you use up all your credits before the end of the week, weâ€™ll give you another 5,000 for free to thank you for helping us out during the beta test.",60,12/03/2022 18:12,https://www.instagram.com/reel/Clus5o2jbmq/,IG reel,,Lifetime,142,114,4,21,5,0,147.0,
18015195118482390,17841455668226916,veg3.ai,VEG3 | Vegan AI,"Take your social media game to the next level ğŸš€

When it comes to creating content, it's all about quality.

Looking at your Instagram insights, hiring a professional, or using an AI that's been trained with efficient vegan marketing material, can all help improve your content quality and achieve your business goals.

You can sign up for free for both @veganmediamarket and @veg3.ai to start creating!",0,12/08/2022 17:12,https://www.instagram.com/p/Cl7bQ7OOPLI/,IG carousel,,Lifetime,9113,4340,2,17,1,3,,1.0
17961026288291894,17841455668226916,veg3.ai,VEG3 | Vegan AI,"Marketing can be a challenge for vegan businesses, but it doesn't have to be.

In this video, we'll show you how to use all of the new features on VEG3, an artificial intelligence marketing tool for vegan businesses.

We've introduced a ""freestyle writer"" that can write any kind of copy using AI (including very obscure and creative types of copy, like raps and haikus) and a notepad where you can edit your work with a ""rewrite"" function that uses AI to make your edits for you (for example, you can ask it to fix spelling mistakes or change the tone of writing).

We've also given you the ability to change the number of outputs you get back from our AI (so you can pick the best one from a list of any size you choose) and 3 of our most popular models (anti-vegan comments responder, social media caption generator and email writer) have all been retrained on new datasets triple their original size (which means they now perform 3 times better and make 3 times fewer mistakes).

The marketing world is constantly evolving, and with it, VEG3 is constantly evolving too â€“ regularly introducing new features to help your vegan business reach more customers.

Watch the full tutorial on our website (link in bio).",67,12/13/2022 19:12,https://www.instagram.com/reel/CmIgs84BF63/,IG reel,,Lifetime,187,148,1,12,2,1,166.0,
17976819754786984,17841455668226916,veg3.ai,VEG3 | Vegan AI,"No more worrying about what you'll write for your next social media caption, email, blog post or ad!ğŸ’¥

The latest VEG3 update makes writing vegan marketing copy easier and faster than ever. 

And yes, it IS as simple as signing up for free and experimenting with our tools.

Once youâ€™re logged in, youâ€™ll find the dashboard with a wide range of models trained on the most effective vegan marketing copy, all updated and ready for you to use! 

Weâ€™ve also just added a feature that allows you to choose how many responses you receive at once, so if you want a wide variety of outputs you can select a higher numberâ€¦ and if you want to save your credits, you can choose lower. 

Combined with our new notepad feature, itâ€™s easier than ever to edit your copy to perfection. Simply copy any of the responses you like and paste them on the side notepad, where you can edit and save your post. 

If you need more help, simply head to veg3.ai/tutorial and learn everything you need to know about using VEG3 in only 5 minutes!",0,12/17/2022 15:12,https://www.instagram.com/p/CmSWsXFhFZJ/,IG image,,Lifetime,290274,276677,2,109,1,1,,1.0
17978540629881771,17841455668226916,veg3.ai,VEG3 | Vegan AI,"HOT TAKEğŸ”¥â€¦ Artificial Intelligence is NOT stealing from artists and anyone who says it is, doesn't understand how AI works.

Swipe across to learn how it actually works ğŸ‘‰

ğŸ“£ Share this post to help stop misinformation being spread!

#arttheft #aiart #aiartwork #lensaai #lensaapp #stablediffusion #dalle2",0,12/23/2022 16:12,https://www.instagram.com/p/Cmh6JrRhVn_/,IG carousel,,Lifetime,225,192,2,18,3,2,,
18042137338396819,17841455668226916,veg3.ai,VEG3 | Vegan AI,"Responding to anti-vegan comments pt. 1 ğŸ¤ 

With VEG3 it literally takes seconds!

Donâ€™t walkâ€¦ run to get your free account at veg3.ai ğŸ¤–ğŸª„

#artificialintelligence #ai #saas #vegan #funny",23,12/27/2022 13:12,https://www.instagram.com/reel/Cmr9vVujPDD/,IG reel,,Lifetime,9222,4588,8,39,2,8,3092.0,2.0
17898004520656332,17841455668226916,veg3.ai,VEG3 | Vegan AI,"We're excited that now over 200 people have signed up for VEG3! ğŸ¤–ğŸ‰

Weâ€™re still in our beta release, so weâ€™re pleased to be hitting these milestonesâ€¦ especially since the more people use our models, the better they'll get! 

Weâ€™ve already used the data collection to further train VEG3 and we have exciting plans for new features in the near future.

If you haven't tried it yet, get your free account at veg3.ai now! ğŸŒŸ",0,12/29/2022 15:12,https://www.instagram.com/p/CmxS53POnx_/,IG image,,Lifetime,98,86,0,17,2,0,,
17880413258754294,17841455668226916,veg3.ai,VEG3 | Vegan AI,"If you're vegan and you're looking for a marketing assistant that understands the lifestyle and ethics behind veganism, look no further than VEG3!

This AI copywriting tool is the world's first entirely vegan artificial intelligence marketing assistant and it's here to help you promote your vegan business in the most efficient way possible.

You too can start creating amazing copy in seconds... Sign up for free at veg3.ai ğŸ”—",0,10/23/2022 14:10,https://www.instagram.com/p/CkEjwpAtg1Z/,IG image,,Lifetime,91,78,8,12,0,3,,2.0
18011207425482584,17841455668226916,veg3.ai,VEG3 | Vegan AI,"Is this your first time using AI?

Weâ€™ve worked hard to make VEG3 extremely easy to use, even for non-technical users.

Just write a sentence or two explaining what kind of copy you want the AI to generate and VEG3 will do the rest for you ğŸ˜

We now have a skilled and intelligent machine as an ally of the vegan movement!

Start creating your copy for freeâ€¦ Try VEG3.ai ğŸ”—

#vegan #artificalintelligence #blogwriting #marketing #ai #veg3 #saas",46,11/13/2022 20:11,https://www.instagram.com/reel/Ck7ZFiyjtZZ/,IG reel,,Lifetime,9451,4655,2,22,0,6,3608.0,4.0
17995822940409083,17841455668226916,veg3.ai,VEG3 | Vegan AI,"Weâ€™ve been busy building VEG3 into something greater ğŸ¦¾ğŸŒ³

All of these images were generated by VEG3, our vegan powered artificial intelligence. We couldnâ€™t choose which one to post, so we thought weâ€™d share them all with you! Swipe across to see all 6 images and tell us which one is your favourite ğŸ‘‡

On the business plan, you can access this image generation tool through the content creation tab - simply pop in your description and select â€˜imagesâ€™ rather than text. You can even choose your preferred image orientation and adjust the size, thatâ€™ll determine the generation speed and image quality. 

On a free or personal plan? Donâ€™t worry! You can still generate square images via the chat feature by asking VEG3.

Content creation has never been easier! You can do it all in one place at VEG3.",0,05/12/2024 02:05,https://www.instagram.com/p/C63RE1CptwD/,IG carousel,,Lifetime,110,94,1,13,3,0,,
18047173189710506,17841455668226916,veg3.ai,VEG3 | Vegan AI,"Tired of dealing with anti-vegan comments? Let VEG3 help you!

You can save time & energy following these simple steps, now available for FREE.

VEG3 quickly generates replies to comments you can instantly paste or edit to add your own personal touch. The best part? VEG3 even provides links to sources you can share.

Try it now at VEG3.ai",38,05/03/2024 23:05,https://www.instagram.com/reel/C6iSb7Jp2ds/,IG reel,,Lifetime,217,190,0,12,3,2,300.0,
18092620873441320,17841455668226916,veg3.ai,VEG3 | Vegan AI,"Imagine having a professional vegan chef on call, ready to help you whip up delicious plant-based food whenever you need inspirationâ€¦ well, enter VEG3. 

We wish we could build you robots to help you physically prepare the food (we grew up watching The Jetsons* after all) but since AI technology isnâ€™t there yet, we used VEG3â€™s image generation tool to bring our vision to life. Who wouldâ€™ve known decades ago that technology in 2024 would struggle with manual tasks like cooking and cleaningâ€¦ but excel at creativity, data analysis, image generation and language processing. 

For now, VEG3 can be right by your side on your laptop, tablet or mobile and assist you with:

ğŸŒ® Personalised vegan recipes based on your accessible ingredients, dietary needs or taste preferences. 

ğŸŒ± Expert tips on vegan nutrition to ensure youâ€™re meeting all your nutritional needs.

ğŸ“ Custom vegan shopping lists or meal plans perfectly suited to your needs. 

ğŸ‘©â€ğŸ³ Step-by-step cooking instructions to make even complex vegan dishes a breeze. 

ğŸ«˜ Discovering new plant-based ingredients and learning creative ways to use them.

ğŸœ Inspiration from a vast array of cuisines from around the world.

ğŸŒ… And generate multiple images at a time based on a brief descriptionâ€¦ often with such a wide selection that youâ€™ll struggle to choose (just like we did for this post). 

Whether youâ€™re a new vegan looking to master the basics or a seasoned pro seeking fresh inspiration, VEG3 is here to elevate your plant-based cooking game! Plus so much more. 

*the reruns in the 90s, we werenâ€™t alive in the 60s!",0,06/20/2024 21:06,https://www.instagram.com/p/C8dqvmdSMY7/,IG carousel,,Lifetime,212,129,3,13,1,0,,1.0
18029724818099336,17841455668226916,veg3.ai,VEG3 | Vegan AI,"Breaking Barriers, Empowering Vegans! âœŠ

At VEG3, our mission has always been to support the vegan communityâ€¦ that's why we made the decision to break down our paywall and offer you an on-going free plan! 

Say goodbye to our limited free-trial period, you can now access our innovative vegan AI chatbot at any time. 

Join the VEG3 community today and unleash the power of AI to amplify the vegan message!

Whether you're a passionate animal rights activist, a budding vegan entrepreneur, or simply exploring a compassionate lifestyle, VEG3 is here to support you.

ğŸ“¸ Image generated by VEG3.ai",0,06/03/2024 22:06,https://www.instagram.com/p/C7yAbqssXFR/,IG image,,Lifetime,195,164,0,19,1,0,,
